<wpml-config>
    <custom-types>
        <custom-type translate="1">logo</custom-type>
        <custom-type translate="1">team</custom-type>
        <custom-type translate="1">testimonial</custom-type>
    </custom-types>
    <taxonomies>
        <taxonomy translate="1">logo-category</taxonomy>
    </taxonomies>
    <admin-texts>
        <key name="theme_mods_benevolent-pro">
            <key name="benevolent_pro_donate_button_label" />
            <key name="benevolent_pro_donate_button_url" />
            <key name="benevolent_pro_slider_slides">
                <key name="0">
                    <key name="title" />
                    <key name="content" />
                    <key name="link" /> 
                </key>
                <key name="1">
                    <key name="title" />
                    <key name="content" />
                    <key name="link" /> 
                </key>
                <key name="2">
                    <key name="title" />
                    <key name="content" />
                    <key name="link" /> 
                </key>
                <key name="3">
                    <key name="title" />
                    <key name="content" />
                    <key name="link" /> 
                </key>
                <key name="4">
                    <key name="title" />
                    <key name="content" />
                    <key name="link" /> 
                </key>
                <key name="5">
                    <key name="title" />
                    <key name="content" />
                    <key name="link" /> 
                </key>
                <key name="6">
                    <key name="title" />
                    <key name="content" />
                    <key name="link" /> 
                </key>
                <key name="7">
                    <key name="title" />
                    <key name="content" />
                    <key name="link" /> 
                </key>
                <key name="8">
                    <key name="title" />
                    <key name="content" />
                    <key name="link" /> 
                </key>
                <key name="9">
                    <key name="title" />
                    <key name="content" />
                    <key name="link" /> 
                </key>
                <key name="10">
                    <key name="title" />
                    <key name="content" />
                    <key name="link" /> 
                </key>
                <key name="11">
                    <key name="title" />
                    <key name="content" />
                    <key name="link" /> 
                </key>
                <key name="12">
                    <key name="title" />
                    <key name="content" />
                    <key name="link" /> 
                </key>
                <key name="13">
                    <key name="title" />
                    <key name="content" />
                    <key name="link" /> 
                </key>
                <key name="14">
                    <key name="title" />
                    <key name="content" />
                    <key name="link" /> 
                </key>
                <key name="15">
                    <key name="title" />
                    <key name="content" />
                    <key name="link" /> 
                </key>
                <key name="16">
                    <key name="title" />
                    <key name="content" />
                    <key name="link" /> 
                </key>
                <key name="17">
                    <key name="title" />
                    <key name="content" />
                    <key name="link" /> 
                </key>
                <key name="18">
                    <key name="title" />
                    <key name="content" />
                    <key name="link" /> 
                </key>
                <key name="19">
                    <key name="title" />
                    <key name="content" />
                    <key name="link" /> 
                </key>
            </key>
            <key name="benevolent_pro_slider_readmore" />
            <key name="benevolent_pro_intro_section_title" />
            <key name="benevolent_pro_intro_section_content" />
            <key name="benevolent_pro_intro_one_title" />
            <key name="benevolent_pro_intro_one_link_label" />
            <key name="benevolent_pro_intro_one_url" />
            <key name="benevolent_pro_intro_two_title" />
            <key name="benevolent_pro_intro_two_link_label" />
            <key name="benevolent_pro_intro_two_url" />
            <key name="benevolent_pro_intro_three_title" />
            <key name="benevolent_pro_intro_three_link_label" />
            <key name="benevolent_pro_intro_three_url" />
            <key name="benevolent_pro_community_section_title" />
            <key name="benevolent_pro_give_section_title" />
            <key name="benevolent_pro_give_section_content" />
            <key name="benevolent_pro_give_button_label" />
            <key name="benevolent_pro_blog_section_title" />
            <key name="benevolent_pro_blog_section_content" />
            <key name="benevolent_pro_blog_section_readmore" />
            <key name="benevolent_pro_sponsor_section_title" />
            <key name="benevolent_pro_sponsor_section_content" />
            <key name="benevolent_pro_about_video_iframe" />
            <key name="benevolent_pro_about_video_caption" />
            <key name="benevolent_pro_profile_section_title" />
            <key name="benevolent_pro_profile_section_content" />
            <key name="benevolent_pro_believe_section_title" />
            <key name="benevolent_pro_believe_section_content" />
            <key name="benevolent_pro_current_project_section_title" />
            <key name="benevolent_pro_service_video_iframe" />
            <key name="benevolent_pro_services_section_title" />
            <key name="benevolent_pro_services_section_content" />
            <key name="benevolent_pro_service_donor_title" />
            <key name="benevolent_pro_service_donor_content" />
            <key name="benevolent_pro_post_read_more" />
            <key name="benevolent_pro_marker_title" />
            <key name="benevolent_pro_breadcrumb_home_text" />
            <key name="benevolent_pro_footer_copyright" />
        </key>
    </admin-texts>
</wpml-config>